[{"id":"aaa1795b-8dff-4ebc-be9a-bfa44c9eaded","codename":"hero","last_modified":"2020-11-18T11:29:53.247402Z","name":"Hero","content_groups":[],"elements":[{"maximum_text_length":null,"name":"Headline","guidelines":null,"is_required":false,"type":"text","id":"4560bbec-40ea-4d33-a3e5-95a801a0d278","codename":"headline"},{"maximum_text_length":null,"name":"Summary","guidelines":null,"is_required":false,"type":"text","id":"f9784391-8239-44ee-86f6-dd950ae9f407","codename":"summary"},{"maximum_text_length":null,"name":"CTA label","guidelines":null,"is_required":false,"type":"text","id":"e95daad8-3fb1-46a0-8690-5752092c9ec0","codename":"cta_label"},{"maximum_text_length":null,"name":"CTA URL","guidelines":null,"is_required":false,"type":"text","id":"0b6ff3e3-b03f-4cdd-aeb5-a54da8d6fb86","codename":"cta_url"}]}]