[{"elements":[{"element":{"id":"4560bbec-40ea-4d33-a3e5-95a801a0d278"},"value":"From zero to hero with Statiq and Kontent"},{"element":{"id":"f9784391-8239-44ee-86f6-dd950ae9f407"},"value":"How to start with .NET Jamstack app utilizing Statiq as a Static generation platform Kentico Kontent as a data source."},{"element":{"id":"e95daad8-3fb1-46a0-8690-5752092c9ec0"},"value":"Explore"},{"element":{"id":"0b6ff3e3-b03f-4cdd-aeb5-a54da8d6fb86"},"value":"https://github.com/Kontent/kontent-boilerplate-statiq-net#readme"}],"workflow_step":{"id":"eee6db3b-545a-4785-8e86-e3772c8756f9"},"item":{"id":"226c35c7-b5d9-40e3-b5ca-bde6db8a406b"},"language":{"id":"00000000-0000-0000-0000-000000000000"},"last_modified":"2020-11-19T10:55:59.3624298Z"}]